Line,Time,Remark
1,2022_04_23 02:41:01.647934,BE04706280,ENE,Address170 Part:,TM 170
,,"STRUCTURE=ROLLDOWN GATE, VOLTAGE=75.6, GROUND=STREETSIGN, MSPLATE=13XQ, HARMONIC=4.3, V NON-SHUNT=52.8, STATUS=CREW WAITING"
2,2022_04_23 04:38:23.247934,BE04706280: Comment: 79.3 VOLTS
3,2022_04_23 04:56:44.247934,BE04706280: Comment: ELECTRICIAN RELEASED AT 3:41HRS
4,2022_04_23 07:28:40.047934,BE04706280: Comment: FLUSH NEEDED
5,2022_04_23 08:56:37.647934,"BE04706280: Comment: INFORMED I&A, CREW WILL BE ON LOCATION UNTIL 7PM"
6,2022_04_23 11:50:19.647934,BE04706280: Comment: CREW NOTIFIED
7,2022_04_23 12:46:44.247934,BE04706280: Comment: 1.6 VOLTS REMAINING
8,2022_04_23 13:13:04.047934,BE04706280: Comment: SERVICE VEHICLE REQUESTED
