Line,Time,Remark
1,2022_04_22 20:58:51.426718,BE13956409,ENE,Address137 Part:,RL 137
,,"STRUCTURE=ASPHALT, VOLTAGE=22.0, GROUND=STREETSIGN, MSPLATE=25H, HARMONIC=13.6, V NON-SHUNT=65.8, STATUS=CREW WAITING"
2,2022_04_22 22:15:13.026718,BE13956409: Comment: CREW NOTIFIED
3,2022_04_23 00:18:08.826718,BE13956409: Comment: FLUSH NEEDED
4,2022_04_23 00:35:26.826718,BE13956409: Comment: 89.4 VOLTS
5,2022_04_23 01:25:07.026718,BE13956409: Comment: MAINTENANCE PERSON REQUIRED TO SHUT BREAKER OFF
6,2022_04_23 04:04:36.426718,BE13956409: Comment: 41% HARMONICS
7,2022_04_23 05:41:26.226718,BE13956409: Comment: LOAD TEST SUCCEEDED AT 4:19HRS
8,2022_04_23 08:05:16.026718,BE13956409: Comment: SERVICE VEHICLE REQUESTED
