Line,Time,Remark
1,2022_04_23 01:26:47.161287,BE46393641,ENE,Address41 Part:,OF 41
,,"STRUCTURE=SERVICE BOX, VOLTAGE=4.0, GROUND=HYDRANT, MSPLATE=19YT, HARMONIC=46.9, V NON-SHUNT=14.0, STATUS=PASSIVE SITE SAFETY"
2,2022_04_23 02:21:23.161287,"BE46393641: Comment: INFORMED I&A, CREW WILL BE ON LOCATION UNTIL 6PM"
3,2022_04_23 04:52:47.161287,BE46393641: Comment: 7.4 VOLTS REMAINING
4,2022_04_23 06:51:31.561287,BE46393641: Comment: 50% HARMONICS
5,2022_04_23 08:25:00.961287,BE46393641: Comment: FROM 40HA TO 57M
6,2022_04_23 08:56:12.961287,"BE46393641: Comment: SURVEY CONDUCTED, REPORTS 19BQ"
7,2022_04_23 11:03:48.361287,BE46393641: Comment: CONTACT S&R
8,2022_04_23 13:00:36.361287,BE46393641: Comment: EXPECTED SERVICE BOX GOT STREET LIGHT
