Line,Time,Remark
1,2022_04_23 01:01:20.783383,BE99955942,ENE,Address71 Part:,RL 71
,,"STRUCTURE=MANHOLE COVER, VOLTAGE=69.3, GROUND=METAL FENCE, MSPLATE=34S, HARMONIC=49.2, V NON-SHUNT=22.1, STATUS=CREW WAITING"
2,2022_04_23 03:42:40.583383,"BE99955942: Comment: SURVEY CONDUCTED, REPORTS 40BQ"
3,2022_04_23 04:55:31.583383,BE99955942: Comment: BFS REQUIRED ON SITE
4,2022_04_23 07:10:57.983383,BE99955942: Comment: 1.0 VOLTS REMAINING
5,2022_04_23 07:50:56.783383,BE99955942: Comment: CREW REPORTS VEHICLE NEEDS TO BE MOVED
6,2022_04_23 09:12:29.183383,BE99955942: Comment: CREW NOTIFIED
7,2022_04_23 11:16:01.583383,BE99955942: Comment: I&A WILL NOTIFY IF CREW IS AVAILABLE
8,2022_04_23 11:44:44.783383,BE99955942: Comment: ELECTRICIAN RELEASED AT 8:26HRS
