Line,Time,Remark
1,2022_04_23 02:43:54.932287,ME11758312,ENE,Address1 Part:,OF 1
,,"STRUCTURE=TRAFFIC LIGHT, VOLTAGE=43.0, GROUND=HYDRANT, MSPLATE=95S, HARMONIC=38.8, V NON-SHUNT=75.6, STATUS=PASSIVE SITE SAFETY"
2,2022_04_23 03:55:59.732287,ME11758312: Comment: SERVICE VEHICLE REQUESTED
3,2022_04_23 06:27:27.332287,ME11758312: Comment: LOAD TEST SUCCEEDED AT 1:53HRS
4,2022_04_23 09:16:49.532287,ME11758312: Comment: I&A WILL NOTIFY IF CREW IS AVAILABLE
5,2022_04_23 11:08:25.532287,ME11758312: Comment: MAINTENANCE PERSON REQUIRED TO SHUT BREAKER OFF
6,2022_04_23 12:40:00.932287,ME11758312: Comment: CREW NOTIFIED
7,2022_04_23 14:13:11.132287,ME11758312: Comment: 78.3 VOLTS
8,2022_04_23 15:55:54.932287,ME11758312: Comment: FLUSH NEEDED
