Line,Time,Remark
1,2022_04_23 02:25:27.458536,ME17382464,ENE,Address187 Part:,EB 187
,,"STRUCTURE=ROLLDOWN GATE, VOLTAGE=16.1, GROUND=METAL FENCE, MSPLATE=18EP, HARMONIC=27.9, V NON-SHUNT=3.6, STATUS=PASSIVE SITE SAFETY"
2,2022_04_23 04:30:14.258536,ME17382464: Comment: CONTACT S&R
3,2022_04_23 05:13:44.258536,ME17382464: Comment: ADDITIONAL ASSISTANCE NEEDED
4,2022_04_23 06:35:30.458536,ME17382464: Comment: BFS REQUIRED ON SITE
5,2022_04_23 07:20:59.858536,ME17382464: Comment: LOAD TEST SUCCEEDED AT 11:41HRS
6,2022_04_23 08:25:56.258536,ME17382464: Comment: EXPECTED DIRT GOT SIDEWALK
7,2022_04_23 09:40:42.458536,ME17382464: Comment: CREW NOTIFIED
8,2022_04_23 10:53:37.058536,ME17382464: Comment: FROM 04FG TO 54CE
