Line,Time,Remark
1,2022_04_23 01:20:34.620575,ME40273163,ENE,Address127 Part:,RL 127
,,"STRUCTURE=TRAFFIC LIGHT, VOLTAGE=62.6, GROUND=HYDRANT, MSPLATE=10NE, HARMONIC=34.5, V NON-SHUNT=32.5, STATUS=PASSIVE SITE SAFETY"
2,2022_04_23 02:58:11.820575,ME40273163: Comment: CREW REPORTS VEHICLE NEEDS TO BE MOVED
3,2022_04_23 05:57:31.620575,ME40273163: Comment: 8.1 VOLTS REMAINING
4,2022_04_23 08:28:14.220575,ME40273163: Comment: I&A WILL NOTIFY IF CREW IS AVAILABLE
5,2022_04_23 09:36:02.820575,ME40273163: Comment: BFS REQUIRED ON SITE
6,2022_04_23 11:56:08.820575,ME40273163: Comment: LOAD TEST SUCCEEDED AT 11:48HRS
7,2022_04_23 14:23:28.020575,ME40273163: Comment: CREW NOTIFIED
8,2022_04_23 16:19:23.220575,ME40273163: Comment: ADDITIONAL ASSISTANCE NEEDED
