Line,Time,Remark
1,2022_04_22 13:09:56.147287,ME47284511,ENE,Address22 Part:,EB 22
,,"STRUCTURE=TRAFFIC LIGHT, VOLTAGE=48.8, GROUND=METAL CURB, MSPLATE=94QJ, HARMONIC=11.1, V NON-SHUNT=3.6, STATUS=CREW WAITING"
2,2022_04_22 14:49:51.947287,ME47284511: Comment: SERVICE VEHICLE REQUESTED
3,2022_04_22 16:24:51.347287,ME47284511: Comment: ELECTRICIAN RELEASED AT 6:24HRS
4,2022_04_22 17:23:34.547287,ME47284511: Comment: LOAD TEST SUCCEEDED AT 8:54HRS
5,2022_04_22 19:43:56.747287,ME47284511: Comment: BFS REQUIRED ON SITE
6,2022_04_22 19:58:45.947287,ME47284511: Comment: FLUSH NEEDED
7,2022_04_22 21:59:42.947287,"ME47284511: Comment: SURVEY CONDUCTED, REPORTS 48BQ"
8,2022_04_23 00:23:39.347287,ME47284511: Comment: CONTACT S&R
