Line,Time,Remark
1,2022_04_22 15:18:53.212574,ME56924514,ENE,Address115 Part:,HD 115
,,"STRUCTURE=SIDEWALK, VOLTAGE=6.1, GROUND=METAL CURB, MSPLATE=28WA, HARMONIC=39.5, V NON-SHUNT=14.2, STATUS=CREW WAITING"
2,2022_04_22 16:28:18.412574,ME56924514: Comment: ELECTRICIAN RELEASED AT 9:21HRS
3,2022_04_22 18:53:37.012574,ME56924514: Comment: CONTACT S&R
4,2022_04_22 19:06:58.612574,ME56924514: Comment: MAINTENANCE PERSON REQUIRED TO SHUT BREAKER OFF
5,2022_04_22 21:05:12.412574,ME56924514: Comment: EXPECTED ASPHALT GOT STREET LIGHT
6,2022_04_22 21:42:21.412574,ME56924514: Comment: CREW NOTIFIED
7,2022_04_22 23:43:48.412574,ME56924514: Comment: I&A WILL NOTIFY IF CREW IS AVAILABLE
8,2022_04_23 00:11:27.412574,ME56924514: Comment: 86.7 VOLTS
