Line,Time,Remark
1,2022_04_23 03:30:47.760287,ME75246052,ENE,Address40 Part:,RL 40
,,"STRUCTURE=SERVICE BOX, VOLTAGE=4.8, GROUND=HYDRANT, MSPLATE=13S, HARMONIC=20.0, V NON-SHUNT=36.9, STATUS=PASSIVE SITE SAFETY"
2,2022_04_23 04:37:27.960287,ME75246052: Comment: SERVICE VEHICLE REQUESTED
3,2022_04_23 06:32:39.360287,ME75246052: Comment: ELECTRICIAN RELEASED AT 6:32HRS
4,2022_04_23 08:06:48.960287,"ME75246052: Comment: INFORMED I&A, CREW WILL BE ON LOCATION UNTIL 8PM"
5,2022_04_23 09:17:18.960287,ME75246052: Comment: 33% HARMONICS
6,2022_04_23 11:19:48.960287,ME75246052: Comment: EXPECTED TRAFFIC LIGHT GOT ASPHALT
7,2022_04_23 11:27:59.760287,ME75246052: Comment: CONTACT S&R
8,2022_04_23 13:18:39.960287,ME75246052: Comment: FROM 12H TO 09I
