Line,Time,Remark
1,2022_04_23 04:17:45.437826,ME75039869,ENE,Address154 Part:,OF 154
,,"STRUCTURE=SERVICE BOX, VOLTAGE=84.1, GROUND=METAL CURB, MSPLATE=83NE, HARMONIC=29.2, V NON-SHUNT=90.0, STATUS=CREW WAITING"
2,2022_04_23 06:07:07.637826,ME75039869: Comment: FROM 15Q TO 25FW
3,2022_04_23 06:33:53.237826,ME75039869: Comment: LOAD TEST SUCCEEDED AT 3:52HRS
4,2022_04_23 08:10:14.237826,ME75039869: Comment: MAINTENANCE PERSON REQUIRED TO SHUT BREAKER OFF
5,2022_04_23 08:31:41.237826,ME75039869: Comment: EXPECTED STREET LIGHT GOT GAS CAP
6,2022_04_23 09:39:23.237826,ME75039869: Comment: CREW REPORTS VEHICLE NEEDS TO BE MOVED
7,2022_04_23 09:46:59.237826,ME75039869: Comment: 7.7 VOLTS REMAINING
8,2022_04_23 10:39:07.637826,ME75039869: Comment: 44% HARMONICS
