Line,Time,Remark
1,2022_04_22 13:53:28.609375,ME75976604,ENE,Address110 Part:,EB 110
,,"STRUCTURE=ROLLDOWN GATE, VOLTAGE=46.3, GROUND=STREETSIGN, MSPLATE=65IO, HARMONIC=16.1, V NON-SHUNT=10.0, STATUS=PASSIVE SITE SAFETY"
2,2022_04_22 14:19:16.609375,ME75976604: Comment: MAINTENANCE PERSON REQUIRED TO SHUT BREAKER OFF
3,2022_04_22 16:53:01.009375,ME75976604: Comment: FLUSH NEEDED
4,2022_04_22 18:22:59.809375,ME75976604: Comment: CONTACT S&R
5,2022_04_22 19:48:54.409375,ME75976604: Comment: BFS REQUIRED ON SITE
6,2022_04_22 20:25:11.209375,"ME75976604: Comment: INFORMED I&A, CREW WILL BE ON LOCATION UNTIL 6PM"
7,2022_04_22 21:20:37.609375,ME75976604: Comment: CREW REPORTS VEHICLE NEEDS TO BE MOVED
8,2022_04_22 23:32:52.009375,ME75976604: Comment: 43% HARMONICS
