Line,Time,Remark
1,2022_04_23 03:45:53.798374,ME98909758,ENE,Address93 Part:,EB 93
,,"STRUCTURE=SIDEWALK, VOLTAGE=91.1, GROUND=HYDRANT, MSPLATE=85W, HARMONIC=27.5, V NON-SHUNT=57.3, STATUS=PASSIVE SITE SAFETY"
2,2022_04_23 06:31:24.398374,ME98909758: Comment: SERVICE VEHICLE REQUESTED
3,2022_04_23 09:10:34.598374,"ME98909758: Comment: INFORMED I&A, CREW WILL BE ON LOCATION UNTIL 5PM"
4,2022_04_23 09:31:13.598374,ME98909758: Comment: LOAD TEST SUCCEEDED AT 2:32HRS
5,2022_04_23 11:02:14.198374,ME98909758: Comment: CREW NOTIFIED
6,2022_04_23 12:19:54.998374,ME98909758: Comment: I&A WILL NOTIFY IF CREW IS AVAILABLE
7,2022_04_23 14:48:23.198374,ME98909758: Comment: 1% HARMONICS
8,2022_04_23 17:43:39.998374,ME98909758: Comment: ELECTRICIAN RELEASED AT 5:42HRS
