Line,Time,Remark
1,2022_04_22 14:01:07.052023,QE19010494,ENE,Address176 Part:,OF 176
,,"STRUCTURE=ROLLDOWN GATE, VOLTAGE=76.1, GROUND=METAL CURB, MSPLATE=74J, HARMONIC=42.2, V NON-SHUNT=87.6, STATUS=PASSIVE SITE SAFETY"
2,2022_04_22 16:07:04.652023,QE19010494: Comment: 44% HARMONICS
3,2022_04_22 17:43:38.852023,QE19010494: Comment: CREW REPORTS VEHICLE NEEDS TO BE MOVED
4,2022_04_22 17:50:40.052023,QE19010494: Comment: 9.3 VOLTS REMAINING
5,2022_04_22 19:06:52.652023,"QE19010494: Comment: INFORMED I&A, CREW WILL BE ON LOCATION UNTIL 6PM"
6,2022_04_22 21:33:30.452023,QE19010494: Comment: ADDITIONAL ASSISTANCE NEEDED
7,2022_04_23 00:16:02.252023,QE19010494: Comment: EXPECTED SERVICE BOX GOT STREET LIGHT
8,2022_04_23 01:19:19.652023,QE19010494: Comment: MAINTENANCE PERSON REQUIRED TO SHUT BREAKER OFF
