Line,Time,Remark
1,2022_04_23 00:08:16.624718,QE34889318,ENE,Address134 Part:,EB 134
,,"STRUCTURE=SERVICE BOX, VOLTAGE=43.9, GROUND=METAL FENCE, MSPLATE=58J, HARMONIC=37.8, V NON-SHUNT=86.9, STATUS=CREW WAITING"
2,2022_04_23 02:32:50.224718,QE34889318: Comment: CONTACT S&R
3,2022_04_23 05:14:08.824718,QE34889318: Comment: SERVICE VEHICLE REQUESTED
4,2022_04_23 07:19:20.224718,QE34889318: Comment: 47.0 VOLTS
5,2022_04_23 10:19:10.024718,QE34889318: Comment: ADDITIONAL ASSISTANCE NEEDED
6,2022_04_23 12:33:50.824718,"QE34889318: Comment: INFORMED I&A, CREW WILL BE ON LOCATION UNTIL 7PM"
7,2022_04_23 13:54:34.024718,QE34889318: Comment: FLUSH NEEDED
8,2022_04_23 16:42:37.624718,QE34889318: Comment: BFS REQUIRED ON SITE
