Line,Time,Remark
1,2022_04_22 14:47:58.025718,QE37868854,ENE,Address135 Part:,OF 135
,,"STRUCTURE=SIDEWALK, VOLTAGE=23.4, GROUND=METAL CURB, MSPLATE=11GL, HARMONIC=16.0, V NON-SHUNT=6.7, STATUS=PASSIVE SITE SAFETY"
2,2022_04_22 15:02:55.625718,QE37868854: Comment: 41% HARMONICS
3,2022_04_22 16:38:37.625718,QE37868854: Comment: CREW NOTIFIED
4,2022_04_22 18:05:40.025718,QE37868854: Comment: 18.7 VOLTS
5,2022_04_22 19:53:26.225718,QE37868854: Comment: ADDITIONAL ASSISTANCE NEEDED
6,2022_04_22 21:29:03.425718,"QE37868854: Comment: SURVEY CONDUCTED, REPORTS 31BQ"
7,2022_04_23 00:21:28.025718,QE37868854: Comment: ELECTRICIAN RELEASED AT 3:60HRS
8,2022_04_23 03:18:08.225718,QE37868854: Comment: CONTACT S&R
