Line,Time,Remark
1,2022_04_23 00:10:54.947287,QE44037259,ENE,Address23 Part:,RL 23
,,"STRUCTURE=STREET LIGHT, VOLTAGE=4.5, GROUND=METAL FENCE, MSPLATE=40ZC, HARMONIC=15.1, V NON-SHUNT=25.1, STATUS=PASSIVE SITE SAFETY"
2,2022_04_23 02:19:00.947287,QE44037259: Comment: MAINTENANCE PERSON REQUIRED TO SHUT BREAKER OFF
3,2022_04_23 02:56:25.547287,"QE44037259: Comment: INFORMED I&A, CREW WILL BE ON LOCATION UNTIL 6PM"
4,2022_04_23 04:56:17.747287,QE44037259: Comment: BFS REQUIRED ON SITE
5,2022_04_23 05:16:25.547287,QE44037259: Comment: SERVICE VEHICLE REQUESTED
6,2022_04_23 07:40:08.747287,QE44037259: Comment: CONTACT S&R
7,2022_04_23 09:09:20.747287,QE44037259: Comment: 93.7 VOLTS
8,2022_04_23 11:44:03.947287,QE44037259: Comment: CREW REPORTS VEHICLE NEEDS TO BE MOVED
