Line,Time,Remark
1,2022_04_23 01:23:52.639826,QE82951020,ENE,Address157 Part:,OF 157
,,"STRUCTURE=SCAFFOLDING, VOLTAGE=13.6, GROUND=HYDRANT, MSPLATE=87D, HARMONIC=8.6, V NON-SHUNT=27.2, STATUS=PASSIVE SITE SAFETY"
2,2022_04_23 04:01:32.239826,QE82951020: Comment: MAINTENANCE PERSON REQUIRED TO SHUT BREAKER OFF
3,2022_04_23 06:53:59.239826,QE82951020: Comment: BFS REQUIRED ON SITE
4,2022_04_23 08:14:37.639826,QE82951020: Comment: ADDITIONAL ASSISTANCE NEEDED
5,2022_04_23 10:08:19.039826,QE82951020: Comment: 51.8 VOLTS
6,2022_04_23 11:09:21.439826,QE82951020: Comment: SERVICE VEHICLE REQUESTED
7,2022_04_23 12:19:05.839826,QE82951020: Comment: CONTACT S&R
8,2022_04_23 12:54:28.039826,"QE82951020: Comment: INFORMED I&A, CREW WILL BE ON LOCATION UNTIL 2PM"
