Line,Time,Remark
1,2022_04_22 23:53:38.857536,QE95535398,ENE,Address185 Part:,OF 185
,,"STRUCTURE=SCAFFOLDING, VOLTAGE=76.8, GROUND=STREETSIGN, MSPLATE=25N, HARMONIC=28.8, V NON-SHUNT=79.2, STATUS=PASSIVE SITE SAFETY"
2,2022_04_23 01:12:28.657536,"QE95535398: Comment: SURVEY CONDUCTED, REPORTS 26BQ"
3,2022_04_23 02:23:53.857536,QE95535398: Comment: MAINTENANCE PERSON REQUIRED TO SHUT BREAKER OFF
4,2022_04_23 03:34:49.657536,QE95535398: Comment: BFS REQUIRED ON SITE
5,2022_04_23 05:49:15.457536,QE95535398: Comment: I&A WILL NOTIFY IF CREW IS AVAILABLE
6,2022_04_23 06:38:38.257536,QE95535398: Comment: LOAD TEST SUCCEEDED AT 2:48HRS
7,2022_04_23 07:53:30.457536,QE95535398: Comment: FLUSH NEEDED
8,2022_04_23 09:46:32.257536,QE95535398: Comment: CONTACT S&R
