Line,Time,Remark
1,2022_04_22 19:26:18.378375,XE07785118,ENE,Address64 Part:,RL 64
,,"STRUCTURE=TRAFFIC LIGHT, VOLTAGE=94.6, GROUND=METAL CURB, MSPLATE=67A, HARMONIC=50.0, V NON-SHUNT=36.2, STATUS=CREW WAITING"
2,2022_04_22 20:28:18.978375,XE07785118: Comment: EXPECTED ASPHALT GOT SIDEWALK
3,2022_04_22 22:04:09.978375,XE07785118: Comment: CREW NOTIFIED
4,2022_04_22 22:18:14.178375,XE07785118: Comment: LOAD TEST SUCCEEDED AT 7:20HRS
5,2022_04_22 23:01:19.578375,XE07785118: Comment: 20% HARMONICS
6,2022_04_22 23:57:33.978375,XE07785118: Comment: 91.3 VOLTS
7,2022_04_23 00:44:21.378375,"XE07785118: Comment: SURVEY CONDUCTED, REPORTS 35BQ"
8,2022_04_23 03:25:05.778375,"XE07785118: Comment: INFORMED I&A, CREW WILL BE ON LOCATION UNTIL 7PM"
