Line,Time,Remark
1,2022_04_22 17:51:05.206374,XE62263031,ENE,Address106 Part:,TM 106
,,"STRUCTURE=TRAFFIC LIGHT, VOLTAGE=23.5, GROUND=STREETSIGN, MSPLATE=24Y, HARMONIC=36.1, V NON-SHUNT=81.7, STATUS=PASSIVE SITE SAFETY"
2,2022_04_22 20:39:49.006374,XE62263031: Comment: MAINTENANCE PERSON REQUIRED TO SHUT BREAKER OFF
3,2022_04_22 23:27:52.006374,XE62263031: Comment: FROM 76HS TO 58DI
4,2022_04_23 00:36:14.206374,XE62263031: Comment: ELECTRICIAN RELEASED AT 5:30HRS
5,2022_04_23 01:47:50.206374,"XE62263031: Comment: SURVEY CONDUCTED, REPORTS 31BQ"
6,2022_04_23 02:57:38.806374,XE62263031: Comment: 19% HARMONICS
7,2022_04_23 03:15:47.806374,XE62263031: Comment: I&A WILL NOTIFY IF CREW IS AVAILABLE
8,2022_04_23 05:36:40.006374,XE62263031: Comment: ADDITIONAL ASSISTANCE NEEDED
